virksomhet,status,navn,landsdel,fylke,vedtak_aar,oppstart_aar,aar_ferdig,anleggsperiode,total_2026kr,statlig_andel,statlig_2026kr,kilde,kommentar
SVV,Ferdig,E18 Momarken-Sekkelsten,ØST,Østfold,2005.0,2005,2007,2,1183.0,0.5,591.5,svv_pre2014,
SVV,Ferdig,Rv. 2 Kløfta-Nybakk,ØST,Akershus,2005.0,2005,2007,2,1404.0,0.4,561.6,svv_pre2014,
SVV,Ferdig,E6 Svingenskogen-Åsgård,ØST,Akershus,2005.0,2006,2008,2,4654.0,0.25,1163.5,svv_pre2014,
SVV,Ferdig,E18 Frydenhaug-Eik,ØST,Buskerud,2005.0,2006,2009,3,1496.0,1.0,1496.0,svv_pre2014,
SVV,Ferdig,Rv. 13/rv. 7 Hardangerbrua,VEST,Vestland,2005.0,2006,2013,7,4147.0,0.1,414.7,svv_pre2014,
SVV,Ferdig,E18 Bjørvika,ØST,Oslo,2005.0,2006,2015,9,11609.0,0.39,4556.0,pluss,
SVV,Ferdig,E18 Langåker-Bommestad,ØST,Vestfold,2006.0,2007,2009,2,2250.0,0.15,337.5,svv_pre2014,
SVV,Ferdig,E6 Vinterbro-Asssurtjern,ØST,Akershus,2006.0,2007,2009,2,2339.0,1.0,2339.0,svv_pre2014,
SVV,Ferdig,E6 Gardermoen(Hovinmoen)-Dal og Skaberud-Kolomoen,ØST,Akershus / Innlandet,2007.0,2007,2009,2,3004.0,0.33,991.32,svv_pre2014,
SVV,Ferdig,Rv. 80 Røvika-Strømsnes,NORD,Nordland,2007.0,2008,2011,3,933.0,0.33,307.89,svv_pre2014,
SVV,Ferdig,Rv. 150 Ulvensplitten-Sinsen (revidert prosjekt),ØST,Oslo,2007.0,2008,2013,5,6219.0,0.5,3109.5,svv_pre2014,
SVV,Ferdig,E6 Dal-Minnesund inkl Skaberudkrysset,ØST,Akershus,2009.0,2009,2011,2,4079.0,0.34,1386.86,svv_pre2014,
SVV,Ferdig,E39 Kvivsvegen,VEST,Møre og Romsdal / Vestland,2008.0,2009,2012,3,1904.0,1.0,1904.0,svv_pre2014,
SVV,Ferdig,E6 Øyer-Tretten,ØST,Innlandet,2009.0,2010,2012,2,2489.0,0.48,1194.72,svv_pre2014,
SVV,Ferdig,E18 Sky-Langangen,ØST,Vestfold,2009.0,2010,2012,2,3330.0,0.33,1098.9,svv_pre2014,
SVV,Ferdig,Rv 706 Sluppen-Stavne (Dorthealyst-Stavne),MIDT,Trøndelag,2011.0,2010,2012,2,354.0,0.35,123.9,svv_pre2014,usikker statlig andel
SVV,Ferdig,E6 Nidelv bru-Grillstad (parsell på E6 Værnes-Trondheim),MIDT,,2009.0,2010,2014,4,,,891.0,pluss,Denne var uteglemt i opprinnelig regneark!
BANE,Ferdig,Holm–Holmestrand–Nykirke,ØST,,2009.0,2010,2016,6,,,11114.175,pluss,
SVV,Ferdig,E6 Møllnes-Kvenvik-Hjemmeluft,NORD,Finnmark,2010.0,2011,2013,2,1339.0,0.85,1138.15,svv_pre2014,
SVV,Ferdig,Rv. 80 Løding-Vikan,NORD,Nordland,2010.0,2011,2013,2,999.0,0.62,619.38,svv_pre2014,
SVV,Ferdig,E39 Hjartåberga,VEST,Rogaland,2010.0,2011,2014,3,1018.0,1.0,1018.0,pluss,
SVV,Ferdig,Rv. 7 Sokna–Ørgenvika,ØST,Buskerud,2010.0,2011,2014,3,2736.0,0.47,1296.0,pluss,
SVV,Ferdig,E18 Gulli–Langåker,ØST,Vestfold,2010.0,2011,2014,3,5172.0,0.3,1545.0,pluss,
SVV,Ferdig,E16 Smedalsosen–Maristova–Borlaug,VEST,Vestland,2010.0,2011,2014,3,1167.0,1.0,1167.0,pluss,
SVV,Ferdig,Rv. 70 Oppdølstranda,VEST,Møre og Romsdal,2011.0,2012,2014,2,1574.0,1.0,1574.0,pluss,
SVV,Ferdig,E18 Melleby–Momarken,ØST,Østfold,2011.0,2012,2014,2,2078.0,0.84,1746.0,pluss,
SVV,Ferdig,Rv. 2 Kongsvinger–Slomarka,ØST,Innlandet,2011.0,2012,2014,2,3893.0,0.42,1635.0,pluss,
SVV,Ferdig,E10 Solbjørnneset–Hamnøy,NORD,Nordland,2011.0,2012,2014,2,1347.0,1.0,1347.0,pluss,
SVV,Ferdig,E6 Minnesund–Skaberud,ØST,Akershus / Innlandet,2011.0,2012,2015,3,10051.0,0.28,2779.0,pluss,
SVV,Ferdig,E18 Sydhavna,ØST,Oslo,2011.0,2012,2015,3,1064.0,0.24,250.0,pluss,
BANE,Ferdig,Dobbeltspor Langset–Kleverud,ØST,,2011.0,2012,2015,3,,,7277.775,pluss,
BANE,Ferdig,Dobbeltspor Farriseidet–Porsgrunn,ØST,,2009.0,2012,2018,6,,,12847.8,pluss,
SVV,Ferdig,E136 Tresfjordbrua og Vågstrandstunnelen,VEST,Møre og Romsdal,2012.0,2013,2015,2,2731.0,0.51,1393.0,pluss,
SVV,Ferdig,E6 Frya–Sjoa (Ringebu–Otta),ØST,Innlandet,2012.0,2013,2016,3,10043.0,0.57,5737.0,pluss,
SVV,Ferdig,Rv. 4 Lunner grense–Jaren og Lynga sør,ØST,Innlandet,2012.0,2013,2017,4,4558.0,0.5,2287.0,pluss,
SVV,Ferdig,E6 Hålogalandsbrua inkl Trældal–Leirvik,NORD,Nordland,2012.0,2013,2018,5,5874.0,0.72,4226.0,pluss,
SVV,Ferdig,Rv. 13 Ryfast,VEST,Rogaland,2012.0,2013,2020,7,11709.0,0.23,2653.0,pluss,
SVV,Ferdig,E39 Eiganestunnelen,VEST,Rogaland,2012.0,2013,2020,7,5553.0,0.71,3917.0,pluss,
SVV,Ferdig,E6 Halselv–Møllnes,NORD,Finnmark,2013.0,2014,2016,2,1380.0,1.0,1380.0,pluss,
SVV,Ferdig,E18 Knapstad–Retvet,ØST,Østfold / Akershus,2013.0,2014,2016,2,2460.0,0.53,1308.0,pluss,
SVV,Ferdig,E18 Riksgrensen–Ørje,ØST,Østfold,2013.0,2014,2017,3,1468.0,0.58,847.0,pluss,
SVV,Ferdig,E39 Hove–Sandved,VEST,Rogaland,2013.0,2014,2017,3,1145.0,0.39,450.0,pluss,
SVV,Ferdig,E16 Varpe bru–Otrøsosen–Smedalsosen,ØST,Vestland,2013.0,2014,2017,3,888.0,1.0,1332.0,pluss,
SVV,Ferdig,E16 Varpe bru–Otrøsosen–Smedalsosen,VEST,Vestland,2013.0,2014,2017,3,888.0,1.0,888.0,pluss,
SVV,Ferdig,E6 Sørkjosfjellet,NORD,Troms,2013.0,2014,2018,4,1430.0,1.0,1430.0,pluss,
SVV,Ferdig,E18 Bommestad–Sky,ØST,Vestfold,2013.0,2014,2018,4,7044.0,0.25,1795.0,pluss,
SVV,Ferdig,E134 Gvammen–Århus,ØST,Telemark,2013.0,2014,2019,5,3310.0,1.0,3310.0,pluss,
BANE,Ferdig,Follobanen,ØST,,2013.0,2014,2023,9,,,46837.5,pluss,
BANE,Ferdig,Arna–Fløen,VEST,,2009.0,2014,2024,10,,,5930.0,pluss,
SVV,Ferdig,E6 Indre Nordnes–Skardalen,NORD,Troms,2014.0,2015,2017,2,1609.0,1.0,1609.0,pluss,
SVV,Ferdig,E105 Elvenes–Hesseng,NORD,Finnmark,2015.0,2015,2017,2,1099.0,1.0,1099.0,pluss,
SVV,Ferdig,Rv. 110 Simo–Ørebekk,ØST,Østfold,2014.0,2015,2019,4,1476.0,0.62,915.0,pluss,
SVV,Ferdig,E6 Helgeland nord,NORD,Nordland,2014.0,2015,2019,4,3283.0,0.82,2684.0,pluss,
SVV,Ferdig,Rv. 80 Hunstadmoen–Thallekrysset,NORD,Nordland,2014.0,2015,2019,4,3577.0,0.26,923.0,pluss,
SVV,Ferdig,E16 Sandvika–Wøyen,ØST,Akershus,2014.0,2015,2019,4,5468.0,0.25,1356.0,pluss,
SVV,Ferdig,E16 Øye–Eidsbru,ØST,Vestland,2014.0,2015,2020,5,1181.0,1.0,1181.0,pluss,
SVV,Ferdig,E134 Damåsen–Saggrenda,ØST,Buskerud,2014.0,2015,2020,5,6674.0,0.43,2870.0,pluss,
SVV,Ferdig,E39 Svegatjørn–Rådal,VEST,Vestland,2014.0,2015,2022,7,12177.0,0.64,7772.0,pluss,
BANE,Ferdig,Fløen–Bergen/Nygårdstangen,VEST,,2014.0,2015,2024,9,,,3920.0,pluss,
SVV,Ferdig,Rv. 36 Skyggestein–Skjelbredstrand,ØST,Telemark,2015.0,2016,2018,2,1034.0,1.0,1034.0,pluss,
SVV,Ferdig,E6 Jaktøya–Klett–Sentervegen,MIDT,Trøndelag,2015.0,2016,2019,3,3839.0,0.37,1427.0,pluss,
SVV,Ferdig,E16 Bagn–Bjørgo,ØST,Innlandet,2015.0,2016,2019,3,2080.0,0.63,1310.0,pluss,
SVV,Ferdig,E6 Helgeland sør,NORD,Nordland,2015.0,2016,2025,9,7742.0,0.88,6849.0,pluss,
SVV,Ferdig,E39 Bjørset–Skei,VEST,Vestland,2016.0,2017,2019,2,1171.0,1.0,1053.0,pluss,
SVV,Ferdig,"E6 Tømmernes-, Forså-, Fagernes-, Larsberg-, Skardal- og Isfjelltunnelene",NORD,Nordland,2017.0,2017,2019,2,1130.0,1.0,1167.0,pluss,
SVV,Ferdig,E6 Ekeberg- og Svardalstunnelene,ØST,Nordland,2018.0,2017,2019,2,1085.0,1.0,1085.0,pluss,
NV,Ferdig,E18 Tvedestrand–Arendal,SØR,,2016.0,2017,2019,2,,,6233.0,pluss,
NV,Ferdig,E6 Kolomoen–Moelv,ØST,,2016.0,2017,2020,3,,,8684.0,pluss,
SVV,Ferdig,E18 Varoddbrua,SØR,Agder,2016.0,2017,2021,4,1419.0,1.0,1419.0,pluss,
SVV,Ferdig,Rv. 3/rv. 25 Ommangsvollen–Grundset/Basthjørnet,ØST,Innlandet,2016.0,2017,2022,5,6892.0,0.34,2637.0,pluss,
SVV,Ferdig,E16 Bjørum–Skaret,ØST,Akershus,2016.0,2017,2025,8,6331.0,0.53,3356.0,pluss,
SVV,Ferdig,E6 Vindåsliene–Korporalsbrua,MIDT,Trøndelag,2017.0,2018,2020,2,2244.0,0.55,1225.0,pluss,
SVV,Ferdig,"E39 Sykkelstamveien, Sørmarka–Smeaheia",VEST,Rogaland,2017.0,2018,2024,6,1184.0,1.0,1184.0,pluss,
BANE,Ferdig,Venjar–Eidsvoll–Langset,ØST,,2017.0,2018,2024,6,,,7752.5,pluss,
SVV,Bygges,E39 Rogfast,VEST,Rogaland,2017.0,2018,2033,15,28299.0,0.4,11334.0,pluss,
SVV,Ferdig,E69 Skarvbergtunnelen,NORD,Finnmark,2018.0,2019,2022,3,1777.0,1.0,1777.0,pluss,
SVV,Ferdig,E16 Eggemoen–Jevnaker–Olum,ØST,Buskerud / Innlandet,2018.0,2019,2022,3,3822.0,0.42,1618.0,pluss,
SVV,Ferdig,Rv. 5 Kjøsnesfjorden,VEST,Vestland,2018.0,2019,2022,3,1307.0,1.0,1307.0,pluss,
SVV,Ferdig,E16 Gudvanga- og Flenjatunnelene,VEST,Vestland,2018.0,2019,2023,4,1281.0,1.0,1281.0,pluss,
BANE,Ferdig,Drammen–Kobbervikdalen,ØST,,2018.0,2019,2025,6,,,16368.75,pluss,
BANE,Bygges,Kolbotn stasjon,ØST,,2018.0,2019,2026,7,,,2000.0,pluss,
BANE,Bygges,Barkåker–Tønsberg,ØST,,2018.0,2019,2026,7,,,2480.0,pluss,
BANE,Bygges,Nykirke–Barkåker,ØST,,2018.0,2019,2026,7,,,11336.25,pluss,
NV,Bygges,E6 Moelv–Øyer,ØST,,2018.0,2019,2027,8,,,16179.0,pluss,
BANE,Bygges,Kleverud–Sørli,ØST,,2018.0,2019,2027,8,,,13987.5,pluss,
NV,Bygges,E6 Nedgård (Ulsberg)–Melhus,MIDT,,2018.0,2019,2030,11,,,14982.0,pluss,
BANE,Bygges,Sandbukta–Moss–Såstad,ØST,,2014.0,2019,2030,11,,,35648.75,pluss,
NV,Bygges,E39 Kristiansand vest–Lyngdal vest,SØR,,2018.0,2019,2031,12,,,22290.0,pluss,
NV,Bygges,E6 Ranheim–Åsen,MIDT,,2018.0,2019,2031,12,,,9729.0,pluss,
SVV,Ferdig,E6 Bognes–Skarberget og rv. 827 Drag–Kjøpsvik,NORD,Nordland,2020.0,2020,2022,2,1052.0,1.0,1052.0,pluss,
SVV,Ferdig,Rv. 706 Nydalsbrua med tilknytingar,MIDT,Trøndelag,2019.0,2020,2023,3,1880.0,0.45,855.0,pluss,
SVV,Ferdig,E39 Kristianborg–Bergen sentrum (Sykkelstamveien),VEST,Vestland,2019.0,2020,2024,4,1417.0,1.0,1417.0,pluss,
NV,Ferdig,E6 Kvænangsfjellet,NORD,,2019.0,2020,2024,4,,,2735.0,pluss,
BANE,Ferdig,Delelektrifisering Trønder- og Meråkerbanen,MIDT,,2019.0,2020,2025,5,,,2992.5,pluss,
SVV,Bygges,E39 Betna–Vinjeøra–Stormyra,MIDT,Trøndelag / Møre og Romsdal,2019.0,2020,2026,6,417.75,1.0,3242.0,pluss,
BANE,Bygges,Sørli–Åkersvika,ØST,,2019.0,2020,2027,7,,,12073.75,pluss,
SVV,Bygges,E18 Lysaker–Ramstadsletta,ØST,Oslo / Akershus,2019.0,2020,2028,8,21500.0,0.3,6527.0,pluss,
SVV,Ferdig,E39 Lønset–Hjelset,VEST,Møre og Romsdal,2020.0,2021,2024,3,1749.0,0.45,780.0,pluss,
SVV,Ferdig,Rv 509 Sør-Tjora - Kontinentalveien,VEST,Rogaland,2020.0,2021,2024,3,1011.0,0.0,0.0,pluss,Uteglemt(?) i opprinnelig doc. Men uten statlig bidrag.
SVV,Ferdig,"Rv. 4 Roa–Gran, inkl. Jaren–Amundrund/Almenningseidet–Lygnebakken",ØST,Innlandet,2020.0,2021,2025,4,2681.0,0.35,950.0,pluss,
SVV,Ferdig,"E16 Dalevåg-, Dalseid-, Trollkone-, Hernes- og Hyvingtunnelene",VEST,Vestland,2021.0,2022,2025,3,838.0,1.0,837.0,pluss,
SVV,Bygges,Rv. 555 Damsgård-/Nygårdtunnelene,VEST,Vestland,2021.0,2022,2025,3,1215.0,1.0,1215.0,pluss,
NV,Bygges,E18 Langangen–Bamble,ØST,,2021.0,2022,2026,4,,,5126.0,pluss,
SVV,Bygges,E136 Breivika–Lerstad,VEST,Møre og Romsdal,2021.0,2022,2027,5,2785.0,0.22,617.0,pluss,
SVV,Bygges,Rv. 555 Sotrasambandet (OPS),VEST,Vestland,2018.0,2022,2027,5,24110.0,0.67,16093.0,pluss,
SVV,Bygges,E10/rv. 85 Tjeldsund–Gullesfjordbotn–Langvassbukt (OPS),NORD,Nordland / Troms,2021.0,2022,2028,6,23498.0,0.93,21893.0,pluss,
SVV,Bygges,E18/E39 Gartnerløkka–Kolsdalen,SØR,Agder,2021.0,2022,2029,7,5446.0,0.48,2620.0,pluss,
SVV,Bygges,E8 Sørbotn–Laukslett,NORD,Troms,2022.0,2023,2027,4,3719.0,1.0,3718.0,pluss,
SVV,Bygges,Ring 1 Hammersborgtunnelen,ØST,Oslo,2022.0,2023,2027,4,3493.0,1.0,3492.0,pluss,
AVINOR,Bygges,Ny lufthavn ved Mo i Rana,NORD,,2017.0,2023,2027,4,,,3902.0,pluss,
SVV,Bygges,Rv. 70 Vikansvingen–Kontrollplassen,VEST,Møre og Romsdal,2025.0,2024,2026,2,1251.0,0.02,22.0,pluss,
AVINOR,Bygges,Flytting av Bodø lufthavn,NORD,,2018.0,2024,2029,5,,,4917.0,pluss,
BANE,Bygges,ERTMS,HELE_LANDET,,2018.0,2024,2034,10,,,47775.0,pluss,
SVV,Bygges,Rv. 13 Lovraeidet–Rødsliane,VEST,Rogaland,2024.0,2025,2028,3,1250.0,1.0,1506.0,pluss,
SVV,Bygges,E134 Røldal–Seljestad,VEST,Vestland,2024.0,2025,2030,5,4843.0,0.85,4140.0,pluss,
SVV,Bygges,E6 Megården–Sommerset,NORD,Nordland,2024.0,2025,2031,6,6072.0,1.0,7205.0,pluss,
SVV,Bygges,"E134 Oslofjordforbindelsen, trinn 2",ØST,Akershus / Buskerud,2024.0,2025,2033,8,8087.0,0.34,2713.0,pluss,
SVV,Bygges,E45 Kløfta,NORD,Finnmark,2025.0,2026,2028,2,1874.0,1.0,1874.0,pluss,
SVV,Bygges,E16 Lærdalstunnelen,VEST,Vestland,2021.0,2026,2030,4,2671.0,1.0,2671.0,pluss,
BANE,Bygges,Fellesprosjektet Vossebanen/E16 Arna–Stanghelle (bane),VEST,Vestland,2025.0,2028,2038,10,20184.96,0.75,26194.0,pluss,
SVV,Bygges,Fellesprosjektet Vossebanen/E16 Arna–Stanghelle (vei),VEST,Vestland,2025.0,2029,2039,10,20184.96,0.75,18134.0,pluss,
SVV,Dersom,E39 Hordfast,VEST,,2025.0,2029,2039,10,,,62000.0,pluss,"Dersom Hordfast er med. Antatt kostnadsramme 60mrd+ 20%. Antatt bompengebidrag 10 mrd, maksimalt!"
SVV,Dersom,E39 Møreaksen,VEST,,2025.0,2029,2039,10,,,22300.0,pluss,"Dersom Møreaksen er med. KS2: kostnadsramme 29,4 MRD 2026, bompengebidrag 24%, altså statlig bidrag kostnadsramme er "
