virksomhet,status,navn,kostnadsramme_2026,aar_ferdig,sluttkostnad,stat_doc,annen_finansiering,landsdel_doc,merknad,merknad2,landsdel,Faktor 2019-2026,MVA justering,stat
Statens vegvesen,Ferdig,E39 Hjartåberga,1031,2014,1018,1018,,Vestlandet,,,Vestlandet,1,1,1018
Statens vegvesen,Ferdig,Rv. 70 Oppdølstranda,1807,2014,1574,1574,,Vestlandet,,,Vestlandet,1,1,1574
Statens vegvesen,Ferdig,E18 Melleby–Momarken,1907,2014,2078,1746,333,Østlandet,,,Østlandet,1,1,1746
Statens vegvesen,Ferdig,Rv. 7 Sokna–Ørgenvika,3213,2014,2736,1296,1440,Østlandet,,,Østlandet,1,1,1296
Statens vegvesen,Ferdig,Rv. 2 Kongsvinger–Slomarka,3539,2014,3893,1635,2258,Østlandet,,,Østlandet,1,1,1635
Statens vegvesen,Ferdig,E18 Gulli–Langåker,5221,2014,5172,1545,3627,Østlandet,,,Østlandet,1,1,1545
Statens vegvesen,Ferdig,E16 Smedalsosen–Maristova–Borlaug,1681,2014,1167,1167,,Vestlandet/Østlandet,,Ligger I all hovedsak Vestlandet,Vestlandet,1,1,1167
Statens vegvesen,Ferdig,E10 Solbjørnneset–Hamnøy,1106,2014,1347,1347,,Nord-Norge,,,Nord-Norge,1,1,1347
Statens vegvesen,Ferdig,E18 Bjørvika,10408,2015,11609,4556,7053,Østlandet,,,Østlandet,1,1,4556
Statens vegvesen,Ferdig,E6 Minnesund–Skaberud,9785,2015,10051,2779,7272,Østlandet,,,Østlandet,1,1,2779
Statens vegvesen,Ferdig,E18 Sydhavna,1047,2015,1064,250,814,Østlandet,,,Østlandet,1,1,250
Statens vegvesen,Ferdig,E136 Tresfjordbrua og Vågstrandstunnelen,2531,2015,2731,1393,1338,Vestlandet,,,Vestlandet,1,1,1393
Statens vegvesen,Ferdig,E6 Halselv–Møllnes,1622,2016,1380,1380,,Nord-Norge,,,Nord-Norge,1,1,1380
Statens vegvesen,Ferdig,E18 Knapstad–Retvet,2391,2016,2460,1308,1152,Østlandet,,,Østlandet,1,1,1308
Statens vegvesen,Ferdig,E6 Frya–Sjoa (Ringebu–Otta),8216,2016,10043,5737,4306,Østlandet,,,Østlandet,1,1,5737
Statens vegvesen,Ferdig,Rv. 4 Lunner grense–Jaren og Lynga sør,3531,2017,4558,2287,2271,Østlandet,,,Østlandet,1,1,2287
Statens vegvesen,Ferdig,E18 Riksgrensen–Ørje,1289,2017,1468,847,621,Østlandet,,,Østlandet,1,1,847
Statens vegvesen,Ferdig,E39 Hove–Sandved,-898,2017,1145,450,694,Vestlandet,Kostnadsramme «-898» gjengitt slik den står i dokumentet (sannsynlig feil),,Vestlandet,1,1,450
Statens vegvesen,Ferdig,E16 Varpe bru–Otrøsosen–Smedalsosen,2779,2017,2220,2220,,Østlandet,,,Østlandet,1,1,2220
Statens vegvesen,Ferdig,E6 Indre Nordnes–Skardalen,1924,2017,1609,1609,,Nord-Norge,,,Nord-Norge,1,1,1609
Statens vegvesen,Ferdig,E105 Elvenes–Hesseng,1099,2017,1099,1099,0,Nord-Norge,,,Nord-Norge,1,1,1099
Statens vegvesen,Ferdig,E6 Sørkjosfjellet,1538,2018,1430,1430,0,Nord-Norge,,,Nord-Norge,1,1,1430
Statens vegvesen,Ferdig,E6 Hålogalandsbrua inkl Trældal–Leirvik,5349,2018,5874,4226,1648,Nord-Norge,,,Nord-Norge,1,1,4226
Statens vegvesen,Ferdig,E18 Bommestad–Sky,7774,2018,7044,1795,5248,Østlandet,,,Østlandet,1,1,1795
Statens vegvesen,Ferdig,Rv. 36 Skyggestein–Skjelbredstrand,943,2018,1034,1034,,Østlandet,,,Østlandet,1,1,1034
Statens vegvesen,Ferdig,Rv. 110 Simo–Ørebekk,1182,2019,1476,915,561,Østlandet,,,Østlandet,1,1,915
Statens vegvesen,Ferdig,E134 Gvammen–Århus,3578,2019,3310,3310,,Østlandet,,,Østlandet,1,1,3310
Statens vegvesen,Ferdig,E6 Helgeland nord,2892,2019,3293,2684,608,Nord-Norge,,,Nord-Norge,1,1,2684
Statens vegvesen,Ferdig,E6 Jaktøya–Klett–Sentervegen,4332,2019,3839,1427,2412,Trøndelag,,,Trøndelag,1,1,1427
Statens vegvesen,Ferdig,Rv. 80 Hunstadmoen–Thallekrysset,3802,2019,3577,923,2654,Nord-Norge,,,Nord-Norge,1,1,923
Statens vegvesen,Ferdig,E39 Bjørset–Skei,1263,2019,1053,1053,,Vestlandet,,,Vestlandet,1,1,1053
Statens vegvesen,Ferdig,"E6 Tømmernes-, Forså-, Fagernes-, Larsberg-, Skardal- og Isfjelltunnelene",1272,2019,1167,1167,,Nord-Norge,,,Nord-Norge,1,1,1167
Statens vegvesen,Ferdig,E6 Ekeberg- og Svardalstunnelene,991,2019,1085,1085,,Østlandet,,,Østlandet,1,1,1085
Statens vegvesen,Ferdig,E16 Bagn–Bjørgo,2467,2019,2080,1310,770,Østlandet,,,Østlandet,1,1,1310
Statens vegvesen,Ferdig,E16 Sandvika–Wøyen,6680,2019,5468,1356,4111,Østlandet,,,Østlandet,1,1,1356
Statens vegvesen,Ferdig,E16 Øye–Eidsbru,1142,2020,1181,1181,,Østlandet,,,Østlandet,1,1,1181
Statens vegvesen,Ferdig,Rv. 13 Ryfast,11342,2020,11709,2653,9056,Vestlandet,,,Vestlandet,1,1,2653
Statens vegvesen,Ferdig,E134 Damåsen–Saggrenda,7457,2020,6674,2870,3803,Østlandet,,,Østlandet,1,1,2870
Statens vegvesen,Ferdig,E6 Vindåsliene–Korporalsbrua,2728,2020,2244,1225,1019,Trøndelag,,,Trøndelag,1,1,1225
Statens vegvesen,Ferdig,E39 Eiganestunnelen,3695,2020,5553,3917,1636,Vestlandet,,,Vestlandet,1,1,3917
Statens vegvesen,Ferdig,E18 Varoddbrua,1559,2021,1419,1419,,Sørlandet,,,Sørlandet,1,1,1419
Statens vegvesen,Ferdig,E69 Skarvbergtunnelen,1302,2022,1777,1777,,Nord-Norge,,,Nord-Norge,1,1,1777
Statens vegvesen,Ferdig,E39 Svegatjørn–Rådal,11185,2022,12177,7772,4405,Vestlandet,,,Vestlandet,1,1,7772
Statens vegvesen,Ferdig,E16 Eggemoen–Jevnaker–Olum,4363,2022,3822,1618,2204,Østlandet,,,Østlandet,1,1,1618
Statens vegvesen,Ferdig,E6 Bognes–Skarberget og rv. 827 Drag–Kjøpsvik,1280,2022,1052,1052,,Nord-Norge,,,Nord-Norge,1,1,1052
Statens vegvesen,Ferdig,Rv. 3/rv. 25 Ommangsvollen–Grundset/Basthjørnet,,2022,7689,2637,5052,Østlandet,Kostnadsramme ikke oppgitt i dokumentet,,Østlandet,1,1,2637
Statens vegvesen,Ferdig,Rv. 5 Kjøsnesfjorden,1844,2022,1307,1307,,Vestlandet,,,Vestlandet,1,1,1307
Statens vegvesen,Ferdig,E16 Gudvanga- og Flenjatunnelene,1318,2023,1281,1281,,Vestlandet,,,Vestlandet,1,1,1281
Statens vegvesen,Ferdig,Rv. 706 Nydalsbrua med tilknytingar,1903,2023,1880,855,1025,Trøndelag,,,Trøndelag,1,1,855
Statens vegvesen,Ferdig,E39 Kristianborg–Bergen sentrum (Sykkelstamveien),1413,2024,1417,1417,,Vestlandet,,,Vestlandet,1,1,1417
Statens vegvesen,Ferdig,"E39 Sykkelstamveien, Sørmarka–Smeaheia",1607,2024,1184,1184,,Vestlandet,,,Vestlandet,1,1,1184
Statens vegvesen,Ferdig,E39 Lønset–Hjelset,1957,2024,1749,780,969,Vestlandet,,,Vestlandet,1,1,780
Statens vegvesen,Ferdig,E16 Bjørum–Skaret,6886,2025,6331,3356,2975,Østlandet,,,Østlandet,1,1,3356
Statens vegvesen,Ferdig,"Rv. 4 Roa–Gran, inkl. Jaren–Amundrund/Almenningseidet–Lygnebakken",2950,2025,2681,950,1730,Østlandet,,,Østlandet,1,1,950
Statens vegvesen,Ferdig,"E16 Dalevåg-, Dalseid-, Trollkone-, Hernes- og Hyvingtunnelene",1272,2025,838,837,,Vestlandet,,,Vestlandet,1,1,837
Statens vegvesen,Ferdig,E6 Helgeland sør,6807,2025,7742,6849,893,Nord-Norge,,,Nord-Norge,1,1,6849
Statens vegvesen,Under bygging,E39 Betna–Vinjeøra–Stormyra,3404,2026,,3242,,Trøndelag,,,Trøndelag,1,1,3242
Statens vegvesen,Under bygging,E8 Sørbotn–Laukslett,3999,,,3718,,Nord-Norge,,,Nord-Norge,1,1,3718
Statens vegvesen,Under bygging,E136 Breivika–Lerstad,3186,,,617,2168,Vestlandet,,,Vestlandet,1,1,617
Statens vegvesen,Under bygging,Ring 1 Hammersborgtunnelen,3666,,,3492,,Østlandet,"I regi av SVV i samarbeid med Statsbygg, finansiert over DFD-budsjettet",,Østlandet,1,1,3492
Statens vegvesen,Under bygging,Rv. 555 Sotrasambandet (OPS),24110,,,16093,8017,Vestlandet,OPS – vedtatt øvre ramme inkl. drift/vedlikehold,,Vestlandet,1,1,16093
Statens vegvesen,Under bygging,E18/E39 Gartnerløkka–Kolsdalen,6128,,,2620,2826,Sørlandet,,,Sørlandet,1,1,2620
Statens vegvesen,Under bygging,E18 Lysaker–Ramstadsletta,24123,,,6527,14973,Østlandet,,,Østlandet,1,1,6527
Statens vegvesen,Under bygging,E10/rv. 85 Tjeldsund–Gullesfjordbotn–Langvassbukt (OPS),23498,,,21893,1605,Nord-Norge,OPS – vedtatt øvre ramme inkl. drift/vedlikehold,,Nord-Norge,1,1,21893
Statens vegvesen,Under bygging,Rv. 555 Damsgård-/Nygårdtunnelene,1304,,,1215,,Vestlandet,,,Vestlandet,1,1,1215
Statens vegvesen,Under bygging,Rv. 70 Vikansvingen–Kontrollplassen,1457,,,22,1229,Vestlandet,,,Vestlandet,1,1,22
Statens vegvesen,Under bygging,Rv. 13 Lovraeidet–Rødsliane,1608,,,1506,,Vestlandet,,,Vestlandet,1,1,1506
Statens vegvesen,Under bygging,E45 Kløfta,2103,,,1874,,Nord-Norge,,,Nord-Norge,1,1,1874
Statens vegvesen,Under bygging,E134 Røldal–Seljestad,5018,,,4140,703,Vestlandet,,,Vestlandet,1,1,4140
Statens vegvesen,Under bygging,E16 Lærdalstunnelen,2958,,,2671,,Vestlandet,,,Vestlandet,1,1,2671
Statens vegvesen,Under bygging,E6 Megården–Sommerset,7421,,,7205,,Nord-Norge,,,Nord-Norge,1,1,7205
Statens vegvesen,Under bygging,E39 Rogfast,28171,,,11334,16965,Vestlandet,,,Vestlandet,1,1,11334
Statens vegvesen,Under bygging,"E134 Oslofjordforbindelsen, trinn 2",8104,,,2713,5374,Østlandet,,,Østlandet,1,1,2713
Statens vegvesen,Under bygging,Fellesprosjektet Vossebanen/E16 Arna–Stanghelle,50373,,,37749,4303,Vestlandet,,,Vestlandet,1,1,37749
Nye Veier AS,Ferdig,E18 Tvedestrand–Arendal,8942,2019,,,2709,Sørlandet,Kostnadsramme = avtalt vederlag mellom selskapet og SD,,Sørlandet,1,1,6233
Nye Veier AS,Ferdig,E6 Kolomoen–Moelv,14468,2020,,,5784,Østlandet,Kostnadsramme = avtalt vederlag mellom selskapet og SD,,Østlandet,1,1,8684
Nye Veier AS,Ferdig,E6 Kvænangsfjellet,2735,2024,,,,Nord-Norge,Kostnadsramme = avtalt vederlag mellom selskapet og SD,,Nord-Norge,1,1,2735
Nye Veier AS,Under bygging,E18 Langangen–Bamble,9546,,,,4420,Sørlandet,Maksimalt bompengebidrag oppgitt,Ligger I Telemark → østlandet,Østlandet,1,1,5126
Nye Veier AS,Under bygging,E39 Kristiansand vest–Lyngdal vest,33581,,,,11291,Sørlandet,Maksimalt bompengebidrag oppgitt,,Sørlandet,1,1,22290
Nye Veier AS,Under bygging,E6 Moelv–Øyer,24607,,,,8428,Østlandet,Maksimalt bompengebidrag oppgitt,,Østlandet,1,1,16179
Nye Veier AS,Under bygging,E6 Nedgård (Ulsberg)–Melhus,23807,,,,8825,Trøndelag,Maksimalt bompengebidrag oppgitt,,Trøndelag,1,1,14982
Nye Veier AS,Under bygging,E6 Ranheim–Åsen,19268,,,,9539,Trøndelag,Maksimalt bompengebidrag oppgitt,,Trøndelag,1,1,9729
Bane NOR SF,Ferdig,Dobbeltspor Langset–Kleverud,5406,2015,4219,,,Østlandet,Beløp i mill. 2019-kroner – må justeres til 2026 kroner ved byggekostnad,"Trolig uten MVA, må multipliseres",Østlandet,1.38,1.22,7103
Bane NOR SF,Ferdig,Holm–Holmestrand–Nykirke,6663,2016,6443,,,Østlandet,Beløp i mill. 2019-kroner – må justeres til 2026 kroner ved byggekostnad,"Trolig uten MVA, må multipliseres",Østlandet,1.38,1.22,10847
Bane NOR SF,Ferdig,Dobbeltspor Farriseidet–Porsgrunn,7575,2018,7448,,,Østlandet,Beløp i mill. 2019-kroner – må justeres til 2026 kroner ved byggekostnad,"Trolig uten MVA, må multipliseres",Østlandet,1.38,1.22,12539
Bane NOR SF,Ferdig,Follobanen,37535,2023,37470,,,Østlandet,,"Trolig uten MVA, må multipliseres",Østlandet,1,1.22,45713
Bane NOR SF,Ferdig,Venjar–Eidsvoll–Langset,7898,2024,6202,,,Østlandet,,"Trolig uten MVA, må multipliseres",Østlandet,1,1.22,7566
Bane NOR SF,Ferdig,Arna–Fløen,5018,2024,4744,,,Vestlandet,,"Trolig uten MVA, må multipliseres",Vestlandet,1,1.22,5788
Bane NOR SF,Ferdig,Fløen–Bergen/Nygårdstangen,4910,2024,3136,,,Vestlandet,,"Trolig uten MVA, må multipliseres",Vestlandet,1,1.22,3826
Bane NOR SF,Ferdig,Delelektrifisering Trønder- og Meråkerbanen,2727,2025,2394,,,Trøndelag,,"Trolig uten MVA, må multipliseres",Trøndelag,1,1.22,2921
Bane NOR SF,Ferdig,Drammen–Kobbervikdalen,18087,2025,13095,,,Østlandet,,"Trolig uten MVA, må multipliseres",Østlandet,1,1.22,15976
Bane NOR SF,Under bygging,ERTMS,38220,,,,,Hele landet,,Hele landet,Hele landet,1,1.22,46628
Bane NOR SF,Under bygging,Kolbotn stasjon,1600,,,,,Østlandet,Kostnadsramme økt til ca. 1 600 mill. 2026-kr (jf. Innst. 75 S 2025–2026),"Trolig uten MVA, må multipliseres",Østlandet,1,1.22,1952
Bane NOR SF,Under bygging,Sandbukta–Moss–Såstad,28519,,,,,Østlandet,,"Trolig uten MVA, må multipliseres",Østlandet,1,1.22,34793
Bane NOR SF,Under bygging,Kleverud–Sørli,11190,,,,,Østlandet,,"Trolig uten MVA, må multipliseres",Østlandet,1,1.22,13652
Bane NOR SF,Under bygging,Sørli–Åkersvika,9659,,,,,Østlandet,,"Trolig uten MVA, må multipliseres",Østlandet,1,1.22,11784
Bane NOR SF,Under bygging,Barkåker–Tønsberg,1984,,,,,Østlandet,,"Trolig uten MVA, må multipliseres",Østlandet,1,1.22,2420
Bane NOR SF,Under bygging,Nykirke–Barkåker,9069,,,,,Østlandet,,"Trolig uten MVA, må multipliseres",Østlandet,1,1.22,11064
Avinor AS,Under bygging,Ny lufthavn ved Mo i Rana,5112,,,3902,1210,Nord-Norge,,,Nord-Norge,1,1,3902
Avinor AS,Under bygging,Flytting av Bodø lufthavn,8108,,,4917,3191,Nord-Norge,,,Nord-Norge,1,1,4917
